date,RIO.L/ANTO.L,PRU.L/ABDN.L,NG.L/SVT.L,SVT.L/UU.L,PORTFOLIO
2024-01-02,0.0,0.0,0.0,0.0,0.0
2024-01-03,0.0,0.0,0.0,-0.0,0.0
2024-01-04,-0.0,-0.0,0.0,-0.0,0.0
2024-01-05,-0.0,0.0,-0.0,0.0,0.0
2024-01-08,0.0,-0.0,-0.0,0.0,0.0
2024-01-09,0.0,0.0,-0.0,-0.002,-0.0005
2024-01-10,0.0,-0.0,-0.0,-0.0006690837545249666,-0.00016727093863124165
2024-01-11,-0.0,0.0,-0.0,-0.005634537092640269,-0.0014086342731600672
2024-01-12,-0.0,-0.0,-0.0,0.004622438435619235,0.0011556096089048087
2024-01-15,0.0,-0.0,0.0,0.00012450827894568508,3.112706973642127e-05
2024-01-16,0.0,-0.0,-0.0,0.004060681157387645,0.0010151702893469111
2024-01-17,0.0,-0.002,-0.0,-0.010500204882698606,-0.0031250512206746515
2024-01-18,0.0,-0.032122262804878426,-0.0,-0.002902976157054221,-0.008756309740483161
2024-01-19,0.0,0.0062904044747235975,0.0,-0.001052005137334181,0.001309599834347354
2024-01-22,0.0,0.004510392124995719,-0.0,0.0074486707204059425,0.0029897657113504153
2024-01-23,-0.0,0.030624884840053435,-0.0,0.0,0.007656221210013359
2024-01-24,-0.0,-0.009796653882466992,0.0,0.0,-0.002449163470616748
2024-01-25,0.0,0.013995064253672642,-0.0,0.0,0.0034987660634181604
2024-01-26,-0.0,-0.0,0.0,-0.0,0.0
2024-01-29,-0.0,0.0,0.0,0.0,0.0
2024-01-30,-0.0,-0.0,-0.0,-0.0,0.0
2024-01-31,-0.0,-0.0,0.0,-0.0,0.0
2024-02-01,-0.0,0.0,-0.0,0.0,0.0
2024-02-02,0.0,0.0,-0.0,0.0,0.0
2024-02-05,0.0,0.0,0.0,0.0,0.0
2024-02-06,-0.0,0.0,-0.0,-0.0,0.0
2024-02-07,0.0,0.0,-0.0,0.0,0.0
2024-02-08,0.0,-0.0,-0.0,0.0,0.0
2024-02-09,0.0,-0.0,-0.0,0.0,0.0
2024-02-12,-0.0,-0.0,-0.0,-0.0,0.0
2024-02-13,0.0,0.0,-0.0,0.0,0.0
2024-02-14,-0.0,-0.0,0.0,0.0,0.0
2024-02-15,-0.0,-0.0,-0.0,-0.0,0.0
2024-02-16,-0.0,-0.0,0.0,-0.0,0.0
2024-02-19,0.0,0.0,0.0,-0.0,0.0
2024-02-20,-0.002,0.0,0.0,-0.0,-0.0005
2024-02-21,0.001172973602392921,-0.0,0.0,-0.0,0.00029324340059823026
2024-02-22,-0.008811635005122527,-0.0,-0.0,0.0,-0.002202908751280632
2024-02-23,-0.0027118650767610757,-0.0,0.0,0.0,-0.0006779662691902689
2024-02-26,0.004218630346438019,0.0,-0.0,0.0,0.0010546575866095048
2024-02-27,-0.008868862961987783,0.0,0.0,-0.0,-0.0022172157404969457
2024-02-28,0.007607849049756039,0.0,0.0,0.0,0.0019019622624390099
2024-02-29,-0.01746205723696076,-0.0,0.0,0.0,-0.00436551430924019
2024-03-01,0.0023775899995895963,0.0,-0.0,0.0,0.0005943974998973991
2024-03-04,-0.010560476431846978,0.0,0.0,-0.0,-0.0026401191079617444
2024-03-05,0.0224411587806931,0.0,0.0,-0.0,0.005610289695173275
2024-03-06,0.017829207089606062,-0.0,-0.0,-0.0,0.0044573017724015155
2024-03-07,-0.02916419745189667,0.0,-0.0,-0.0,-0.007291049362974167
2024-03-08,0.007031794570105661,0.0,-0.0,0.0,0.0017579486425264152
2024-03-11,-0.026942205541940684,0.0,-0.0,0.0,-0.006735551385485171
2024-03-12,0.008002971138554558,-0.0,-0.0,0.0,0.0020007427846386395
2024-03-13,-0.040926069234913334,-0.002,0.0,-0.0,-0.010731517308728334
2024-03-14,-0.0013858018520379006,-0.04426824712895703,-0.0,0.0,-0.011413512245248732
2024-03-15,-0.014245907542679586,-0.005425493838637882,0.0,-0.0,-0.004917850345329367
2024-03-18,0.007636127564469238,-0.005372800896535971,0.0,0.0,0.0005658316669833168
2024-03-19,0.008201225647534628,0.019150982395043467,-0.0,0.0,0.006838052010644524
2024-03-20,-0.0034110260429117112,0.013747542869275422,0.0,-0.0,0.0025841292065909276
2024-03-21,-0.02150977440134792,0.023337580977711613,0.0,-0.0,0.00045695164409092354
2024-03-22,-0.007568545915904028,-0.011503386818842776,0.0,-0.0,-0.004767983183686701
2024-03-25,0.01175019646901712,-0.005250167663852423,0.0,-0.0,0.0016250072012911742
2024-03-26,-0.003962754739211212,0.0027069846400609296,-0.0,0.0,-0.0003139425247875706
2024-03-27,-0.0003393748676260612,-0.009348257676238293,0.0,-0.0,-0.0024219081359660886
2024-03-28,-0.018712687558577013,-0.007056690859594611,-0.002,-0.002,-0.007442344604542907
2024-04-02,-0.005173454138192557,-0.007705089058366045,-0.002370440288325651,-0.006035372670498687,-0.005321089038845735
2024-04-03,-0.01430071378670818,0.02177596275852739,0.0007832349177550881,0.00291865527859325,0.0027942847920418867
2024-04-04,-0.03446155812356682,0.0,-0.0004783489919237058,-0.0053435247069970665,-0.010070857955621898
2024-04-05,-0.00440250794098904,0.0,0.016636314731572684,0.00712586950868414,0.004839919074816946
2024-04-08,0.0032129283305347995,-0.0,0.0,0.0027889519917449826,0.0015004700805699455
2024-04-09,-0.015111537651390318,-0.0,-0.0,-0.00035022477037456676,-0.003865440605441221
2024-04-10,0.007838271595769563,0.0,-0.0,0.0073650616287739765,0.003800833306135885
2024-04-11,0.008112710039318082,0.0,-0.0,0.0010524847708920943,0.002291298702552544
2024-04-12,-0.009219108165786237,0.0,0.0,-0.008590156415261247,-0.0044523161452618715
2024-04-15,-0.0013236819297774824,-0.0,-0.0,0.00362861209125747,0.0005762325403699969
2024-04-16,0.014672054013795144,0.0,-0.0,0.0005483890838641871,0.003805110774414833
2024-04-17,-0.014109101263200927,-0.0,0.0,0.0008058156517942834,-0.003325821402851661
2024-04-18,0.0007714082379193273,0.0,0.0,-0.004980009233578698,-0.0010521502489148427
2024-04-19,0.0030287965793469648,0.0,0.0,-0.0065217139289643405,-0.0008732293374043439
2024-04-22,0.0,-0.0,0.0,-0.00472449121914395,-0.0011811228047859876
2024-04-23,0.0,-0.0,0.0,0.0014043244730096265,0.0003510811182524066
2024-04-24,0.0,-0.0,0.0,0.00018969942418980805,4.742485604745201e-05
2024-04-25,-0.0,-0.0,-0.0,0.004388281264364613,0.0010970703160911532
2024-04-26,-0.0,-0.0,-0.0,-0.0039061522002264443,-0.0009765380500566111
2024-04-29,-0.0,-0.0,0.0,-0.0037921021248255925,-0.0009480255312063981
2024-04-30,0.0,-0.0,-0.0,-0.0,0.0
2024-05-01,0.0,0.0,0.0,-0.0,0.0
2024-05-02,0.0,-0.0,0.0,0.0,0.0
2024-05-03,-0.0,-0.0,0.0,-0.0,0.0
2024-05-07,0.0,0.0,0.0,-0.0,0.0
2024-05-08,-0.0,0.0,0.0,0.0,0.0
2024-05-09,-0.0,0.0,0.0,-0.0,0.0
2024-05-10,-0.0,-0.0,0.0,0.0,0.0
2024-05-13,-0.0,0.0,-0.0,0.0,0.0
2024-05-14,-0.0,-0.0,-0.0,-0.0,0.0
2024-05-15,-0.0,0.0,0.0,-0.0,0.0
2024-05-16,0.0,0.0,0.0,0.0,0.0
2024-05-17,-0.0,0.0,-0.0,-0.0,0.0
2024-05-20,-0.0,-0.0,-0.002,0.0,-0.0005
2024-05-21,-0.0,-0.0,0.0003932683980931559,0.0,9.831709952328897e-05
2024-05-22,0.0,0.0,-0.002935502823038659,-0.002,-0.0012338757057596648
2024-05-23,-0.0,-0.0,-0.06175045669325816,-0.019522768375982054,-0.020318306267310054
2024-05-24,0.0,-0.0,-0.020163450363573598,-0.005012606669250401,-0.006294014258206
2024-05-28,-0.0,0.0,-0.0028123311551885377,-0.010302404226040209,-0.0032786838453071863
2024-05-29,0.0,0.0,-0.030997365823966935,0.006715134329063504,-0.006070557873725858
2024-05-30,0.0,-0.0,0.00938959327714775,0.014765654491769942,0.006038811942229423
2024-05-31,0.0,-0.0,0.027817095538736746,0.0024825770660186694,0.007574918151188854
2024-06-03,-0.0,-0.0,0.004312012918788327,-0.003360265463110606,0.00023793686391943025
2024-06-04,0.0,0.0,0.0,0.003085888931991478,0.0007714722329978695
2024-06-05,-0.0,-0.0,-0.0,0.0,0.0
2024-06-06,-0.0,-0.0,-0.0,0.0,0.0
2024-06-07,0.0,0.0,0.0,0.0,0.0
2024-06-10,-0.0,0.0,0.0,-0.0,0.0
2024-06-11,0.0,0.0,-0.0,0.0,0.0
2024-06-12,-0.0,-0.0,0.0,-0.0,0.0
2024-06-13,0.0,0.0,-0.0,-0.0,0.0
2024-06-14,0.0,0.0,0.0,0.0,0.0
2024-06-17,0.0,-0.0,0.0,0.0,0.0
2024-06-18,-0.0,-0.0,0.0,-0.0,0.0
2024-06-19,-0.0,0.0,0.0,0.0,0.0
2024-06-20,-0.0,-0.0,-0.0,-0.002,-0.0005
2024-06-21,0.0,-0.0,-0.0,0.008642455825513163,0.002160613956378291
2024-06-24,-0.0,0.0,-0.0,0.0022945437056726037,0.0005736359264181509
2024-06-25,0.0,0.0,0.0,-0.004000886354159551,-0.0010002215885398878
2024-06-26,0.0,-0.0,-0.0,-0.005092161906070364,-0.001273040476517591
2024-06-27,0.0,-0.0,-0.0,-0.004098790542319031,-0.0010246976355797579
2024-06-28,-0.0,0.0,0.0,0.002122908230030926,0.0005307270575077315
2024-07-01,0.0,-0.0,0.0,0.0012843789880412474,0.00032109474701031186
2024-07-02,0.0,-0.0,0.0,-0.014737083716625007,-0.003684270929156252
2024-07-03,-0.0,-0.0,0.0,0.012007346296134123,0.0030018365740335307
2024-07-04,-0.0,-0.002,0.0,0.0017364890642943484,-6.587773392641291e-05
2024-07-05,-0.0,-0.013497761023597009,-0.0,0.015296019422394454,0.0004495645996993613
2024-07-08,0.0,-0.0010913909134376621,0.0,0.004485889323978277,0.0008486246026351538
2024-07-09,0.0,0.007392842740357327,-0.0,0.00013535035789558145,0.001882048274563227
2024-07-10,-0.0,-0.027155592919828993,0.0,0.010201515173550384,-0.0042385194365696524
2024-07-11,0.0,-0.01704009421248403,0.0,0.007569767870068786,-0.0023675815856038108
2024-07-12,-0.0,0.007257281244860858,-0.0,-0.01785656044932673,-0.0026498198011164677
2024-07-15,0.0,0.010586579769677022,-0.0,-0.007998211867338163,0.0006470919755847148
2024-07-16,-0.0,0.004664260282236722,0.0,-0.011892715887527877,-0.001807113901322789
2024-07-17,0.0,-0.019225202027581673,0.0,0.0061516119627501005,-0.0032683975162078934
2024-07-18,-0.002,-0.026044703311109862,0.0,0.005255506492147771,-0.005697299204740523
2024-07-19,0.013449534299206825,0.019826538157989283,-0.0,-0.005653767646208834,0.006905576202746818
2024-07-22,0.003253155985737448,-0.0023478086874884263,0.0,0.003481090619091466,0.001096609479335122
2024-07-23,-0.004093094882551587,0.0061020764975554765,0.0,-0.005224032910891274,-0.000803762823971846
2024-07-24,0.008669450068841155,0.009698045277054758,0.0,0.0008129318082786088,0.004795106788543631
2024-07-25,-0.006224033622666834,-0.013320603238547826,0.0,0.0014096153404617564,-0.004533755380188226
2024-07-26,0.008456561408278869,-0.008935110841730348,0.0,0.0004704766657347252,-2.0181919291885862e-06
2024-07-29,-0.006151831210133998,0.007591167149958435,0.0,0.004452097730524145,0.0014728584175871455
2024-07-30,-0.001236529245559768,-0.011992557149225114,0.0,0.00011688078960537694,-0.0032780514012948764
2024-07-31,0.027874394098711595,-0.0016407065227964984,0.0,0.0026794880258185195,0.007228293900433403
2024-08-01,-0.03264395083743518,-0.010414155492660023,-0.0,-0.002036404841848596,-0.01127362779298595
2024-08-02,-0.010795091346552866,0.028502824603448003,0.0,0.010667598840976174,0.007093833024467828
2024-08-05,-0.020628311111876883,0.0169304133168159,-0.0,-0.020656878799545215,-0.006088694148651549
2024-08-06,-0.002994329355355729,0.004799640416062795,0.0,0.008802481079795258,0.002651948035125581
2024-08-07,-0.0023493608020855802,0.04184852565115852,0.0,-0.006101697045624369,0.008349366950862143
2024-08-08,-0.0014174849684061785,0.016811031951394925,0.0,-0.029624148587968194,-0.003557650401244862
2024-08-09,0.013820446066857929,-0.0,-0.0,0.014909370275775819,0.0071824540856584365
2024-08-12,0.011322431060135139,-0.0,0.0,0.0009699773080442878,0.003073102092044857
2024-08-13,-0.014993514191486344,-0.0,0.0,0.006810022416447138,-0.0020458729437598014
2024-08-14,0.005477245470627437,-0.0,-0.0,0.003213938444253429,0.0021727959787202164
2024-08-15,0.021799320681260656,0.0,-0.0,-0.007072164247700802,0.0036817891083899632
2024-08-16,0.0,0.0,0.0,-0.0005339119748719134,-0.00013347799371797836
2024-08-19,0.0,-0.0,0.0,0.002369489822883217,0.0005923724557208043
2024-08-20,-0.0,0.0,0.0,-0.009985570686524807,-0.0024963926716312017
2024-08-21,0.0,-0.0,0.0,-0.0029117909514085926,-0.0007279477378521481
2024-08-22,0.0,0.0,0.0,-0.0,0.0
2024-08-23,-0.0,-0.0,0.0,-0.0,0.0
2024-08-27,-0.0,0.0,-0.0,0.0,0.0
2024-08-28,0.0,0.0,0.0,-0.0,0.0
2024-08-29,-0.0,0.0,-0.0,0.0,0.0
2024-08-30,-0.0,-0.0,0.0,0.0,0.0
2024-09-02,0.0,0.0,-0.0,-0.0,0.0
2024-09-03,0.0,0.0,-0.0,0.0,0.0
2024-09-04,0.0,-0.0,0.0,-0.0,0.0
2024-09-05,0.0,0.0,0.0,-0.0,0.0
2024-09-06,0.0,0.0,-0.0,-0.0,0.0
2024-09-09,-0.0,-0.0,0.0,-0.0,0.0
2024-09-10,-0.0,-0.0,0.0,0.0,0.0
2024-09-11,-0.0,0.0,-0.0,0.0,0.0
2024-09-12,-0.0,-0.0,0.0,0.0,0.0
2024-09-13,-0.0,-0.0,0.0,-0.0,0.0
2024-09-16,-0.0,-0.0,0.0,0.0,0.0
2024-09-17,-0.0,-0.0,0.0,-0.0,0.0
2024-09-18,0.0,0.0,0.0,0.0,0.0
2024-09-19,-0.0,-0.0,-0.0,-0.0,0.0
2024-09-20,0.0,0.0,0.0,0.0,0.0
2024-09-23,-0.0,-0.0,0.0,-0.0,0.0
2024-09-24,-0.0,-0.0,-0.0,0.0,0.0
2024-09-25,0.0,-0.0,-0.0,0.0,0.0
2024-09-26,-0.0,-0.0,-0.0,-0.0,0.0
2024-09-27,-0.0,-0.0,-0.0,-0.0,0.0
2024-09-30,0.0,0.0,-0.0,0.0,0.0
2024-10-01,0.0,0.0,0.0,-0.0,0.0
2024-10-02,0.0,-0.002,-0.0,0.0,-0.0005
2024-10-03,0.0,-0.014447551153071333,-0.0,0.0,-0.003611887788267833
2024-10-04,-0.0,0.02367337457579494,-0.0,0.0,0.005918343643948735
2024-10-07,-0.0,0.004605207436584893,-0.0,0.0,0.0011513018591462233
2024-10-08,0.0,-0.006200397290274157,0.0,0.0,-0.0015500993225685392
2024-10-09,-0.0,-0.0011599537354417748,-0.0,-0.002,-0.0007899884338604437
2024-10-10,-0.0,-0.004153579110154659,0.0,-0.004157876941597796,-0.0020778640129381137
2024-10-11,0.0,0.0012840485726158678,-0.0,-0.00145557032167374,-4.288043726446804e-05
2024-10-14,0.0,0.005103296510336364,0.0,-0.007788277293888353,-0.0006712451958879972
2024-10-15,-0.002,0.014972306892562683,0.0,-0.011073878726421165,0.00047460704153537946
2024-10-16,0.009375649114066027,-0.0,-0.002,-0.009776914518570632,-0.0006003163511261512
2024-10-17,-0.0016689211569470537,-0.002,-0.002582343268417178,0.01051924803579375,0.0010669959026073795
2024-10-18,0.007883868444927554,0.005745720886560935,0.0028174942830264866,-0.0009865693598856671,0.0038651285636573268
2024-10-21,-0.0037491283570261036,0.008810430550100844,-0.0028389570037083436,0.0016711617724813653,0.0009733767404619405
2024-10-22,0.0036760616840684187,0.010976644819395254,-0.008743192957412344,0.003777613681785033,0.0024217818069590903
2024-10-23,-0.004180325495814539,0.015481638794144825,0.0005550034654950716,0.001950840673469598,0.003451789359323739
2024-10-24,-0.006276306448609685,0.086733119336027,0.002425716213824156,0.008002672076005666,0.022721300294311783
2024-10-25,0.001986508186053051,0.030655044682766863,-0.0,-0.0014292996847695182,0.0078030632960126
2024-10-28,-0.004613924115106562,0.031018000964618025,0.0,-0.0,0.006601019212377866
2024-10-29,0.0002865107127181161,0.004418528701061947,-0.0,-0.0,0.0011762598534450159
2024-10-30,-0.011410612001954371,-0.0013114374504960761,-0.0,0.0,-0.003180512363112612
2024-10-31,-0.015966566750323024,0.01833392458938135,-0.0,0.0,0.0005918394597645817
2024-11-01,0.012445157155385996,-0.0017293483538765322,0.0,-0.0,0.002678952200377366
2024-11-04,0.011283424202370393,-0.009095718938936546,-0.0,0.0,0.0005469263158584619
2024-11-05,0.0009053767793207163,0.0019588609735631296,-0.0,-0.0,0.0007160594382209615
2024-11-06,-0.027727930160325397,-0.010174438085656051,-0.0,0.0,-0.009475592061495362
2024-11-07,0.025955668998890874,-0.00595718316654812,-0.0,-0.0,0.004999621458085688
2024-11-08,-0.03465397941915405,-0.007601050952983315,-0.0,-0.0,-0.010563757593034342
2024-11-11,-0.008701426481619888,-0.009390547966489755,0.0,-0.0,-0.004522993612027411
2024-11-12,-0.00903491136763912,0.004660393818049027,-0.0,0.0,-0.0010936293873975234
2024-11-13,0.006079150671303714,0.012858674896271833,-0.0,-0.0,0.004734456391893887
2024-11-14,0.0005222036184340753,-0.014856710192944463,-0.002,-0.0,-0.004083626643627597
2024-11-15,0.006723772749177527,-0.004524892435539213,8.191362095640161e-05,0.0,0.0005701984836486788
2024-11-18,0.005300977459765662,0.003757384566887932,-0.0006087885675529617,-0.0,0.002112393364775158
2024-11-19,-0.0037019729717686304,0.004080217422620662,0.008430340810339516,-0.0,0.002202146315297887
2024-11-20,-0.0015510184841690323,0.008941181167395326,-0.0,-0.0,0.0018475406708065734
2024-11-21,0.006147440233390192,-0.008268113700854304,-0.002,-0.0,-0.001030168366866028
2024-11-22,-0.011920053211894025,-0.001013170918896787,0.01894433548453095,-0.0,0.0015027778384350344
2024-11-25,-0.0008117492909689608,-0.01712336453618631,-0.0035843372979047204,-0.002,-0.0058798627812649985
2024-11-26,0.0023039000125141804,0.016118251431753182,-0.0,0.005463147223437713,0.0059713246669262695
2024-11-27,0.00027366912901912577,-0.010181513921697439,0.0,-0.006268839045948232,-0.004044170959656636
2024-11-28,0.003921038622106757,-0.009881872335420714,0.0,0.000682390227783893,-0.001319610871382516
2024-11-29,0.009325450554499277,0.0026358890002159564,0.0,0.0032501408874720914,0.003802870110546831
2024-12-02,-0.0,0.004712797180855622,0.0,0.0032955839533598836,0.0020020952835538763
2024-12-03,-0.0,0.0010767234055335017,-0.0,0.0034002903485060394,0.0011192534385098853
2024-12-04,0.0,-0.004678690350244039,-0.0,-0.005527387658870718,-0.0025515195022786895
2024-12-05,0.0,0.001534341420104192,-0.0,-0.0024280059395602907,-0.0002234161298640247
2024-12-06,0.0,0.002676106779657993,-0.0,0.015230748444606972,0.004476713806066241
2024-12-09,-0.0,-0.0065711010476474695,0.0,-0.004347434058410717,-0.0027296337765145466
2024-12-10,0.0,0.005696637730985143,-0.0,0.006135323028505137,0.00295799018987257
2024-12-11,-0.0,0.008693689358186953,-0.0,-0.0004962917420034312,0.0020493494040458807
2024-12-12,0.0,-0.0036044827990158075,-0.0,-0.0024242137008505735,-0.0015071741249665952
2024-12-13,0.0,-0.006637710932679923,0.0,0.0014484919901995162,-0.0012973047356201017
2024-12-16,0.0,-0.00010415217388352362,-0.0,-0.0004609869205643377,-0.00014128477361196532
2024-12-17,0.0,0.0,0.0,0.0045689227963873515,0.0011422306990968379
2024-12-18,-0.0,-0.0,-0.0,0.0016150087978250745,0.0004037521994562686
2024-12-19,0.0,-0.0,-0.0,0.0003933458318398468,9.83364579599617e-05
2024-12-20,-0.0,-0.0,0.0,0.0,0.0
2024-12-23,-0.0,0.0,-0.002,-0.0,-0.0005
2024-12-24,0.0,-0.0,-0.0002781425581098191,0.0,-6.953563952745477e-05
2024-12-27,-0.0,-0.0,-0.002782631075979737,-0.0,-0.0006956577689949343
2024-12-30,0.0,0.0,-0.0004706613543157337,0.0,-0.00011766533857893342
2024-12-31,0.0,-0.0,-0.004306968811546238,-0.0,-0.0010767422028865594
2025-01-02,-0.0,0.0,-0.007355636190136222,-0.0,-0.0018389090475340556
2025-01-03,0.0,-0.0,0.001249605497344858,0.0,0.0003124013743362145
2025-01-06,-0.0,0.0,0.005567232365728557,0.0,0.0013918080914321392
2025-01-07,0.0,0.0,0.00240895901456496,0.0,0.00060223975364124
2025-01-08,-0.002,0.0,-0.0019008052549090637,0.0,-0.0009752013137272659
2025-01-09,-0.019104600710777655,-0.0,-0.0011391094993683988,0.0,-0.005060927552536514
2025-01-10,0.009645264768139367,0.0,0.009125632622225852,0.0,0.004692724347591305
2025-01-13,0.006283824948573498,-0.0,0.0022823330749101754,-0.002,0.0016415395058709185
2025-01-14,0.0026589107738994476,0.0,0.0010169352519972682,-0.006321246509421712,-0.0006613501208812491
2025-01-15,-0.002621346293117981,-0.0,-0.005312055712503299,0.01700801854474914,0.0022686541347819653
2025-01-16,-0.017901578022926128,0.0,-0.008182389016569617,0.00286218689496509,-0.005805445036132664
2025-01-17,-0.005128498296028467,-0.0,0.0,0.005177875891759495,1.2344398932757124e-05
2025-01-20,-0.004257283159770397,-0.0,0.0,-0.0024345571209740302,-0.0016729600701861067
2025-01-21,0.0036993942204693706,-0.0,0.0,0.0007661933105322007,0.0011163968827503927
2025-01-22,0.007814613560402731,-0.002,-0.0,-0.012805918291648663,-0.001747826182811483
2025-01-23,0.0020327092055337495,0.0035765017335898444,0.0,0.005600588310419047,0.0028024498123856603
2025-01-24,-0.008313003974966905,0.008527495285617675,-0.0,-0.004642755758283634,-0.001107066111908216
2025-01-27,0.01969611524492299,-0.02119811373700661,0.0,0.0022290273909889367,0.00018175722472632886
2025-01-28,0.011610122841764135,-0.014102505472958465,0.0,0.0012913714849868392,-0.0003002527865518729
2025-01-29,-0.013111265222307848,0.011558898740893761,-0.0,0.014858296234879304,0.003326482438366304
2025-01-30,-0.02196669309914033,-0.005812363999187835,0.0,0.010713263170893042,-0.004266448481858781
2025-01-31,0.010066088113665383,-0.010200093945992755,0.0,0.0,-3.3501458081842874e-05
2025-02-03,0.01578781188542636,0.002562151424117884,0.0,0.0,0.004587490827386061
2025-02-04,-0.005540544486972401,0.00832424417079569,0.0,0.0,0.0006959249209558221
2025-02-05,0.0028953236090819862,-0.012858414459643464,0.0,-0.0,-0.0024907727126403695
2025-02-06,-0.03168208330418196,-0.016204561046678532,-0.0,0.0,-0.011971661087715121
2025-02-07,-0.010075267312728096,0.0036347148832679803,0.0,-0.0,-0.0016101381073650289
2025-02-10,-0.011771145462081344,-0.00026250393863047443,-0.0,-0.0,-0.0030084123501779546
2025-02-11,0.011587739382559229,0.010074314465623952,-0.0,0.0,0.005415513462045795
2025-02-12,0.00198498066177893,0.008043904700932998,-0.0,0.0,0.002507221340677982
2025-02-13,-0.015281873311003943,0.0029976394496911167,0.0,-0.0,-0.0030710584653282063
2025-02-14,0.0029833445917445095,-0.0018607227283412241,-0.0,-0.0,0.00028065546585082134
2025-02-17,0.0018183687923807239,-0.004236406370884361,-0.0,0.0,-0.0006045093946259094
2025-02-18,0.00019344447758906416,-0.0005358864790020973,-0.0,0.0,-8.561050035325827e-05
2025-02-19,-0.008554953458104458,0.004187888420009486,0.0,0.0,-0.0010917662595237429
2025-02-20,0.0027548218016399144,-0.0,0.0,0.0,0.0006887054504099786
2025-02-21,0.011802246596976278,-0.0,0.0,0.0,0.0029505616492440695
2025-02-24,0.0165262004346714,-0.0,0.0,-0.0,0.00413155010866785
2025-02-25,0.0076272176279240395,0.0,-0.0,0.0,0.0019068044069810099
2025-02-26,-0.02373947442534126,-0.0,-0.0,0.0,-0.005934868606335315
2025-02-27,0.0023893224522664003,0.0,-0.0,0.0,0.0005973306130666001
2025-02-28,0.016671102873073305,-0.0,0.0,-0.0,0.004167775718268326
2025-03-03,-0.015377942524216892,-0.0,-0.0,0.0,-0.003844485631054223
2025-03-04,0.025671654874617568,-0.002,0.0,-0.0,0.0059179137186543915
2025-03-05,-0.0,0.015103973259470972,-0.0,0.0,0.003775993314867743
2025-03-06,-0.002,-0.013930256024895454,-0.0,-0.0,-0.0039825640062238635
2025-03-07,0.008133487832712363,0.0048400874279221255,0.0,-0.0,0.003243393815158622
2025-03-10,0.03172712372501977,-0.0010406412291306332,0.0,-0.0,0.007671620623972284
2025-03-11,0.004141065460328534,-0.00335371975633225,-0.0,-0.0,0.00019683642599907102
2025-03-12,-0.007649466063478521,0.011840654896456328,0.0,0.0,0.001047797208244452
2025-03-13,-0.018456562243894324,0.016810545239368112,0.0,-0.0,-0.0004115042511315531
2025-03-14,-0.01274373721142546,-0.021951094239038328,0.0,-0.0,-0.008673707862615947
2025-03-17,-0.012668310014078837,-0.0034878599391303874,0.0,0.0,-0.004039042488302306
2025-03-18,-0.019656841433000505,0.0,-0.0,0.0,-0.004914210358250126
2025-03-19,0.0035549668854635607,0.0,0.0,0.0,0.0008887417213658902
2025-03-20,0.006968044891489507,0.0,0.0,-0.0,0.0017420112228723767
2025-03-21,0.030596401305637295,0.0,-0.0,0.0,0.007649100326409324
2025-03-24,-0.01601311451763105,-0.002,-0.0,0.0,-0.004503278629407763
2025-03-25,-0.021585552713498678,-0.00770518128714703,-0.0,-0.0,-0.007322683500161427
2025-03-26,0.01498788867514266,-0.005029052556501967,0.0,-0.0,0.0024897090296601733
2025-03-27,0.037976861966479133,-0.04359220437616214,0.0,0.0,-0.0014038356024207513
2025-03-28,0.0,0.0035931748243255707,0.0,-0.0,0.0008982937060813927
2025-03-31,0.0,-0.02806830710088708,-0.0,0.0,-0.00701707677522177
2025-04-01,-0.0,0.0018860927531484297,-0.0,-0.0,0.00047152318828710743
2025-04-02,-0.0,-0.014961579789061276,-0.0,-0.0,-0.003740394947265319
2025-04-03,0.0,-0.024433230470534077,-0.002,-0.0,-0.00660830761763352
2025-04-04,-0.002,-0.05168706166646891,-0.0046955149747396185,0.0,-0.014595644160302132
2025-04-07,-0.016728784151122125,-0.043241157858772944,-0.029403877902352726,0.0,-0.02234345497806195
2025-04-08,0.004580250887037846,0.02025803597073626,0.009753020833367248,-0.0,0.008647826922785339
2025-04-09,0.005444053987643896,-0.038993677002134394,-0.008319330949559011,0.0,-0.010467238491012377
2025-04-10,0.030030303140597958,0.03272076985279813,0.008993105711200022,-0.002,0.017436044676149023
2025-04-11,0.0012536694031497694,0.002792622602600321,0.00818048487906999,-0.011760157651884443,0.00011665480823390938
2025-04-14,0.021249619675957808,0.05001240672135345,0.011451576308364648,-0.002017433146452797,0.020174042389805778
2025-04-15,0.008358401206221958,0.02371294277424185,0.0,-0.008789238558927492,0.005820526355384079
2025-04-16,0.0063261003931454046,-0.024203063630650078,0.0,0.00048443932162048385,-0.004348130978971047
2025-04-17,0.0,-0.008601831783690134,0.0,-0.0026776580099394736,-0.002819872448407402
2025-04-22,-0.0,0.004856456470492174,0.0,-0.00025469930599841817,0.001150439291123439
2025-04-23,-0.0,0.007781792972414829,-0.0,0.0032684510787622367,0.0027625610127942667
2025-04-24,-0.0,0.006708320603831386,0.0,-0.0007920550964858851,0.0014790663768363753
2025-04-25,-0.0,0.004197064059682137,-0.0,-0.001153267370025491,0.0007609491724141615
2025-04-28,0.0,0.008224623704287469,-0.0,-0.0006634606689804722,0.0018902907588267492
2025-04-29,-0.0,0.010242119545670125,0.0,-0.0025840092610633384,0.0019145275711516965
2025-04-30,0.0,0.010535616675497647,-0.0,-0.0,0.0026339041688744117
2025-05-01,-0.0,0.04554932660411973,-0.002,-0.0,0.010887331651029931
2025-05-02,-0.0,-0.0004176858323876385,0.0005942435742863541,0.0,4.413943547467889e-05
2025-05-06,-0.0,0.0003493675593166997,0.0007325561996989445,-0.0,0.00027048093975391105
2025-05-07,0.0,-0.011324967493653693,0.001798771098302032,0.0,-0.002381549098837915
2025-05-08,-0.0,0.009211957841521777,-0.0,0.0,0.0023029894603804443
2025-05-09,-0.0,2.71183562658621e-05,-0.0,-0.0,6.779589066465525e-06
2025-05-12,-0.0,0.011720446348070741,-0.0,0.0,0.0029301115870176853
2025-05-13,0.0,0.013427309243950502,-0.0,0.0,0.0033568273109876256
2025-05-14,-0.0,0.009765504401450313,0.0,-0.0,0.0024413761003625784
2025-05-15,0.0,0.005972376567406426,0.0,-0.0,0.0014930941418516066
2025-05-16,0.0,0.003609067656855358,0.0,-0.0,0.0009022669142138395
2025-05-19,0.0,0.0,0.0,-0.0,0.0
2025-05-20,0.0,-0.0,0.0,-0.0,0.0
2025-05-21,0.0,0.0,-0.0,-0.0,0.0
2025-05-22,0.0,-0.0,-0.0,-0.0,0.0
2025-05-23,-0.0,-0.0,0.0,-0.0,0.0
2025-05-27,-0.0,-0.0,-0.0,-0.002,-0.0005
2025-05-28,0.0,-0.0,-0.0,0.0017845755977283382,0.00044614389943208456
2025-05-29,-0.0,0.0,-0.002,-0.0059280339524360294,-0.0019820084881090076
2025-05-30,-0.0,-0.0,0.006215920730981037,-0.008553459153852918,-0.0005843846057179702
2025-06-02,-0.0,-0.0,-0.004040503513576837,-0.004000861303485424,-0.002010341204265565
2025-06-03,0.0,0.0,0.002852847013295326,0.006901652807351989,0.002438624955161829
2025-06-04,-0.0,0.0,0.0,0.0028362147439314972,0.0007090536859828743
2025-06-05,-0.002,-0.0,-0.0,0.0007726119047222925,-0.00030684702381942686
2025-06-06,0.017229801833136552,-0.0,0.0,0.005653902311072823,0.005720926036052344
2025-06-09,0.0007907948770165236,-0.0,-0.0,-0.000948069618574225,-3.9318685389425355e-05
2025-06-10,0.004744242818697895,-0.002,-0.0,-0.005518623249255527,-0.000693595107639408
2025-06-11,0.016901197612994974,0.009569304951434283,0.0,-0.0020157505199049847,0.006113688011131068
2025-06-12,0.0056380644620598955,0.01253986196200145,0.0,-0.0013578845475088336,0.004205010469138128
2025-06-13,0.00850180730357751,0.023238886843730024,0.0,0.0011304883511160406,0.008217795624605893
2025-06-16,-0.0027143431190233156,-0.016896530540463243,-0.0,0.0021293311415254484,-0.004370385629490278
2025-06-17,0.007843158781694236,-0.006838652035892955,-0.0,0.0008378204994720631,0.00046058181131833614
2025-06-18,0.004740495513578522,0.0033157981938256986,-0.0,-0.007428244872297444,0.00015701220877669428
2025-06-19,0.01559202939655204,0.009746462006533342,-0.0,0.017656590252333435,0.010748770413854705
2025-06-20,0.0,0.006740254189140975,0.0,0.00993734464874961,0.004169399709472646
2025-06-23,0.0,0.0037414661876401752,0.0,-0.005469316811061274,-0.00043196265585527464
2025-06-24,-0.0,-0.01682126410342746,-0.0,-0.0027619200742704836,-0.004895796044424486
2025-06-25,-0.0,-0.007128607753342441,0.0,0.00016135645310905253,-0.001741812825058347
2025-06-26,-0.0,0.012016954967883802,0.0,-0.0027773705281127947,0.002309896109942752
2025-06-27,0.0,-0.0011806347132969155,-0.0,0.006098129801519389,0.0012293737720556184
2025-06-30,0.0,0.010692888599152541,-0.0,-0.0011840956903243027,0.0023771982272070597
2025-07-01,-0.0,-5.849721746578802e-05,0.0,-0.007404224770080803,-0.0018656804968866477
2025-07-02,-0.0,0.0006703545141449174,-0.0,0.014363500689783155,0.003758463800982018
2025-07-03,-0.0,-0.01639190075365862,0.0,0.0013566261221187592,-0.003758818657884965
2025-07-04,0.0,0.0113335320823148,0.0,0.0015426054530153462,0.0032190343838325365
2025-07-07,-0.0,-0.010460686757567514,-0.0,0.006111835555162262,-0.001087212800601313
2025-07-08,-0.0,0.009463820703971176,-0.0,0.0054464603926974355,0.003727570274167153
2025-07-09,0.0,-0.0,0.0,-0.002757976449500173,-0.0006894941123750432
2025-07-10,0.0,-0.0,-0.0,-0.000992407521994876,-0.000248101880498719
2025-07-11,-0.0,-0.0,0.0,0.00016557575306827012,4.139393826706753e-05
2025-07-14,0.0,-0.0,0.0,-0.00711074132554205,-0.0017776853313855125
2025-07-15,0.0,0.0,-0.0,0.0004927825269152585,0.00012319563172881462
2025-07-16,0.0,-0.0,-0.0,0.0014636563101196624,0.0003659140775299156
2025-07-17,0.0,-0.0,0.0,0.0034828165876533675,0.0008707041469133419
2025-07-18,-0.0,-0.0,0.0,-0.007822542241753633,-0.001955635560438408
2025-07-21,-0.0,-0.0,0.0,-0.009049621169294298,-0.0022624052923235745
2025-07-22,-0.0,0.0,0.0,-0.010406932475257986,-0.0026017331188144966
2025-07-23,-0.0,-0.0,-0.0,0.01022373294642568,0.00255593323660642
2025-07-24,-0.0,-0.0,0.0,0.00496249147469393,0.0012406228686734826
2025-07-25,-0.0,0.0,0.0,0.001408196013571121,0.00035204900339278026
2025-07-28,0.0,0.0,-0.0,0.003311121240424824,0.000827780310106206
2025-07-29,0.0,0.0,-0.0,-0.0028161334436382136,-0.0007040333609095534
2025-07-30,-0.0,-0.0,0.0,-0.0,0.0
2025-07-31,0.0,-0.0,0.0,-0.0,0.0
2025-08-01,-0.0,0.0,-0.002,-0.0,-0.0005
2025-08-04,-0.0,-0.0,-0.003046520414855552,-0.0,-0.000761630103713888
2025-08-05,-0.0,-0.0,0.0033665045970581488,-0.0,0.0008416261492645372
2025-08-06,-0.0,-0.0,0.00015902537749214185,-0.0,3.975634437303546e-05
2025-08-07,-0.0,-0.0,-0.0,0.0,0.0
2025-08-08,-0.0,-0.0,-0.0,-0.0,0.0
2025-08-11,-0.0,-0.0,0.0,-0.0,0.0
2025-08-12,-0.0,0.0,-0.0,0.0,0.0
2025-08-13,-0.0,0.0,-0.0,-0.0,0.0
2025-08-14,-0.0,-0.002,0.0,-0.0,-0.0005
2025-08-15,-0.0,-0.004970846561929886,-0.0,-0.0,-0.0012427116404824716
2025-08-18,0.0,0.0034562571107572887,-0.0,0.0,0.0008640642776893222
2025-08-19,-0.0,0.002791708316775949,0.0,0.0,0.0006979270791939873
2025-08-20,-0.0,0.012130321691104083,0.0,-0.0,0.003032580422776021
2025-08-21,-0.0,-0.011362434009792257,-0.0,-0.0,-0.002840608502448064
2025-08-22,-0.0,0.017857829596463974,-0.0,0.0,0.0044644573991159935
2025-08-26,0.0,-0.007436589081616473,0.0,-0.0,-0.0018591472704041182
2025-08-27,0.0,-0.0033776676739730167,0.0,0.0,-0.0008444169184932542
2025-08-28,-0.0,-0.004886417567939471,-0.0,0.0,-0.0012216043919848678
2025-08-29,0.0,-0.005635032281267077,-0.0,0.0,-0.0014087580703167693
2025-09-01,-0.0,-0.004385107731184044,-0.0,0.0,-0.001096276932796011
2025-09-02,0.0,-0.040751856164113066,-0.0,0.0,-0.010187964041028267
2025-09-03,-0.0,0.009555132281155489,0.0,-0.0,0.002388783070288872
2025-09-04,0.0,0.008312245135628121,-0.0,-0.0,0.0020780612839070302
2025-09-05,0.0,-0.0017534750598175502,0.0,-0.0,-0.00043836876495438755
2025-09-08,-0.0,-0.015805737632530324,-0.0,0.0,-0.003951434408132581
2025-09-09,-0.0,-0.008711049823760336,0.0,0.0,-0.002177762455940084
2025-09-10,-0.0,-0.007560932523848978,0.0,-0.0,-0.0018902331309622446
2025-09-11,-0.0,0.01727167738657754,0.0,-0.0,0.004317919346644385
2025-09-12,-0.0,-0.006227333275682441,0.0,-0.0,-0.0015568333189206103
2025-09-15,-0.0,0.008986496603773082,-0.0,-0.0,0.0022466241509432705
2025-09-16,0.0,-0.009240498354772026,-0.0,0.0,-0.0023101245886930064
2025-09-17,0.0,0.011051610111536516,-0.0,-0.0,0.002762902527884129
2025-09-18,-0.0,0.0035035028033309533,-0.0,0.0,0.0008758757008327383
2025-09-19,-0.0,0.005496067070681659,0.0,0.0,0.0013740167676704147
2025-09-22,-0.0,-0.0009362119332079969,0.0,0.0,-0.00023405298330199923
2025-09-23,-0.002,0.009210310537659383,0.0,0.0,0.0018025776344148458
2025-09-24,-0.060725425945435875,-0.0008042967254020068,0.0,-0.0,-0.01538243066770947
2025-09-25,0.022384122165787564,-0.002661193483211703,0.0,0.0,0.004930732170643965
2025-09-26,-0.023415701820637222,0.01272416117402951,0.0,-0.0,-0.002672885161651928
2025-09-29,-0.03125629566108129,0.002948580735946105,-0.0,-0.0,-0.007076928731283796
2025-09-30,0.012034782355864712,0.014890283433835578,0.0,-0.0,0.006731266447425072
2025-10-01,0.013023437608779099,0.003201626399755872,0.0,-0.0,0.004056266002133743
2025-10-02,0.005439358421392666,0.012047811680035325,-0.0,0.0,0.004371792525356998
2025-10-03,-0.006793793523744621,-0.0,0.0,-0.0,-0.0016984483809361552
2025-10-06,0.008119849387516434,-0.0,0.0,0.0,0.0020299623468791085
2025-10-07,0.0023211752933908,-0.0,0.0,-0.0,0.0005802938233477
2025-10-08,-0.022973053836744473,0.0,-0.0,0.0,-0.005743263459186118
2025-10-09,0.006722200156171255,-0.0,0.0,-0.0,0.0016805500390428137
2025-10-10,0.013848962800573787,0.0,0.0,-0.0,0.003462240700143447
2025-10-13,-0.027547601108795082,-0.0,-0.002,-0.0,-0.007386900277198771
2025-10-14,0.014583943782771032,0.0,0.0018888250299613058,-0.0,0.004118192203183085
2025-10-15,-0.0,0.0,0.0008799200537485171,-0.0,0.00021998001343712928
2025-10-16,-0.0,0.0,0.00732305268566883,-0.002,0.0013307631714172075
2025-10-17,0.0,0.0,0.001979435044029575,8.888916538072353e-05,0.0005170810523525746
2025-10-20,-0.0,-0.0,0.0,-0.006214629182214567,-0.0015536572955536418
2025-10-21,0.0,0.0,0.0,0.0037136626145122245,0.0009284156536280561
2025-10-22,0.0,-0.0,-0.002,0.007171980022196579,0.0012929950055491448
2025-10-23,0.0,-0.0,0.004016290883813765,-0.0019268730137488445,0.0005223544675162301
2025-10-24,-0.0,0.0,-0.0003314421001417633,0.0019346415106537363,0.00040079985262799324
2025-10-28,-0.0,-0.0,0.0026693264374582546,-0.002076744987836791,0.00014814536240536594
2025-10-29,-0.0,0.0,-0.003734189595706343,-0.0034583341194767874,-0.0017981309287957827
2025-10-30,0.0,0.0,0.0,0.0015619332471166788,0.0003904833117791697
2025-10-31,0.0,0.0,-0.0,-0.0029947783909886,-0.00074869459774715
2025-11-03,0.0,-0.0,0.0,-0.0032348806360853544,-0.0008087201590213386
2025-11-04,0.0,0.0,0.0,0.004478879668701242,0.0011197199171753104
2025-11-05,0.0,0.0,-0.0,0.005164430074728501,0.0012911075186821254
2025-11-06,-0.0,0.0,0.0,0.0004570415683792943,0.00011426039209482358
2025-11-07,0.0,-0.0,0.0,-0.0028455025950096108,-0.0007113756487524027
2025-11-10,-0.0,-0.0,-0.0,0.0002937451672233972,7.34362918058493e-05
2025-11-11,-0.0,-0.0,-0.0,-0.00028095347566559374,-7.023836891639843e-05
2025-11-12,-0.0,-0.0,-0.002,-0.002577523628079337,-0.0011443809070198342
2025-11-13,0.0,-0.0,-0.003742776817591515,0.0007671257392221936,-0.0007439127695923304
2025-11-14,0.0,0.0,0.005222449694580009,-0.005810225713028678,-0.0001469440046121674
2025-11-17,0.0,0.0,-0.0050140269387616825,-0.0006973967690909557,-0.0014278559269631595
2025-11-18,0.0,0.0,0.0004542674486937609,-0.001490093955241782,-0.00025895662663700527
2025-11-19,-0.0,0.0,0.006312374615801699,-0.00728890427759469,-0.00024413241544824784
2025-11-20,0.0,-0.0,0.01358502836850746,0.002875771939363531,0.0041152000769677476
2025-11-21,0.0,0.0,0.006524268362495444,0.004681297143277377,0.002801391376443205
2025-11-24,-0.0,-0.0,0.01690090285751316,0.004848050493547351,0.005437238337765128
2025-11-25,-0.0,-0.0,-0.0039031682042001857,0.0034801362794940694,-0.00010575798117652907
2025-11-26,-0.0,-0.0,-0.0023407907844053095,0.004178881202268682,0.000459522604465843
2025-11-27,0.0,-0.0,-0.00843682797070492,0.006859083761977152,-0.0003944360521819421
2025-11-28,-0.0,-0.0,-0.0024753592668228974,-0.0,-0.0006188398167057244
2025-12-01,-0.0,0.0,0.0014445995733892052,0.0,0.0003611498933473013
2025-12-02,0.0,-0.0,-0.006857716258670273,0.0,-0.0017144290646675683
2025-12-03,-0.0,0.0,-0.0,0.0,0.0
2025-12-04,-0.0,0.0,-0.0,0.0,0.0
2025-12-05,-0.0,0.0,-0.0,0.0,0.0
2025-12-08,0.0,0.0,0.0,0.0,0.0
2025-12-09,0.0,-0.0,-0.0,0.0,0.0
2025-12-10,0.0,0.0,-0.0,0.0,0.0
2025-12-11,-0.0,-0.0,0.0,-0.0,0.0
2025-12-12,0.0,0.0,0.0,-0.0,0.0
2025-12-15,-0.0,0.0,0.0,0.0,0.0
2025-12-16,-0.0,-0.0,-0.0,0.0,0.0
2025-12-17,-0.0,-0.0,0.0,-0.0,0.0
2025-12-18,-0.0,-0.0,-0.0,0.0,0.0
2025-12-19,-0.0,0.0,0.0,-0.0,0.0
2025-12-22,-0.0,-0.0,-0.0,0.0,0.0
2025-12-23,-0.0,-0.0,0.0,-0.0,0.0
2025-12-24,0.0,-0.0,-0.0,0.0,0.0
2025-12-29,0.0,-0.0,-0.0,-0.0,0.0
2025-12-30,-0.0,-0.0,0.0,-0.0,0.0
2025-12-31,0.0,0.0,-0.0,0.0,0.0
2026-01-02,0.0,-0.0,0.0,-0.0,0.0
2026-01-05,-0.0,-0.0,-0.0,0.0,0.0
2026-01-06,-0.0,0.0,0.0,-0.0,0.0
2026-01-07,0.0,-0.0,0.0,-0.0,0.0
2026-01-08,0.0,0.0,-0.0,-0.0,0.0
2026-01-09,-0.0,-0.0,0.0,-0.0,0.0
2026-01-12,-0.0,-0.0,0.0,0.0,0.0
2026-01-13,0.0,0.0,-0.0,0.0,0.0
2026-01-14,-0.0,0.0,0.0,-0.0,0.0
2026-01-15,-0.0,-0.0,0.0,-0.0,0.0
2026-01-16,0.0,-0.0,0.0,-0.0,0.0
2026-01-19,-0.0,0.0,-0.0,0.0,0.0
2026-01-20,0.0,0.0,-0.0,0.0,0.0
2026-01-21,0.0,-0.0,-0.0,0.0,0.0
2026-01-22,0.0,-0.0,0.0,-0.0,0.0
2026-01-23,-0.0,0.0,0.0,0.0,0.0
2026-01-26,-0.0,-0.0,0.0,-0.0,0.0
2026-01-27,0.0,-0.0,0.0,-0.0,0.0
2026-01-28,0.0,0.0,0.0,-0.0,0.0
2026-01-29,-0.0,0.0,-0.0,-0.0,0.0
2026-01-30,0.0,0.0,0.0,0.0,0.0
2026-02-02,0.0,-0.0,0.0,-0.0,0.0
2026-02-03,-0.0,0.0,0.0,-0.0,0.0
2026-02-04,-0.002,-0.0,0.0,-0.0,-0.0005
2026-02-05,-0.007596837639138708,0.0,0.0,0.0,-0.001899209409784677
2026-02-06,0.007606721066081497,-0.0,0.0,-0.0,0.0019016802665203743
2026-02-09,0.03252204721253568,-0.0,0.0,0.0,0.00813051180313392
2026-02-10,-0.030584515803527782,-0.0,-0.0,-0.0,-0.0076461289508819455
2026-02-11,0.03001794792096432,0.0,0.0,-0.0,0.00750448698024108
2026-02-12,-0.020490463462003918,-0.002,0.0,-0.0,-0.005622615865500979
2026-02-13,-0.001988793521274859,-0.0036335694186248116,0.0,-0.0,-0.0014055907349749177
2026-02-16,0.009829026388966699,-0.002160590490680539,0.0,-0.0,0.0019171089745715398
2026-02-17,-0.02270861663447036,-0.0031146371359004775,0.0,0.0,-0.006455813442592709
2026-02-18,0.053789393152023024,-0.007639009271742452,-0.0,0.0,0.011537595970070143
2026-02-19,0.0,0.008537102590766215,-0.0,0.0,0.0021342756476915537
2026-02-20,-0.0,-0.008180218562775801,0.0,-0.0,-0.0020450546406939503
2026-02-23,-0.0,0.004723102272753376,0.0,-0.0,0.001180775568188344
2026-02-24,-0.0,-5.100631164216729e-05,0.0,-0.0,-1.2751577910541823e-05
2026-02-25,-0.002,-0.008437685340599663,0.0,-0.0,-0.002609421335149916
2026-02-26,0.02001111677286762,0.006978347659752657,-0.0,-0.0,0.006747366108155069
2026-02-27,-0.007795234062174203,-0.016574509598173408,-0.002,-0.0,-0.006592435915086903
2026-03-02,0.02349023220888246,-0.012153082181895274,0.005170206252556193,0.0,0.004126839069885845
2026-03-03,0.0,0.08058107553539812,-0.01773564021493773,0.0,0.015711358830115096
2026-03-04,-0.0,-0.0,-0.0026222147941200114,-0.0,-0.0006555536985300028
2026-03-05,0.0,0.0,0.0036496446553784174,-0.0,0.0009124111638446043
2026-03-06,0.0,-0.0,-0.003169580330358279,0.0,-0.0007923950825895697
2026-03-09,0.0,0.0,0.0,0.0,0.0
2026-03-10,-0.0,-0.0,-0.002,-0.0,-0.0005
2026-03-11,0.0,0.0,0.004876524895864298,-0.002,0.0007191312239660744
2026-03-12,0.0,0.0,0.0,-0.007867394961351866,-0.0019668487403379665
2026-03-13,0.0,-0.0,0.0,0.0007654279045148083,0.00019135697612870207
2026-03-16,-0.0,-0.0,-0.0,-0.00010436126425625151,-2.6090316064062878e-05
2026-03-17,-0.0,-0.0,-0.0,-0.007664202996395927,-0.0019160507490989817
2026-03-18,0.0,-0.0,-0.002,0.010312139136915723,0.002078034784228931
2026-03-19,0.0,0.0,-0.014681074739211993,0.012233108526682562,-0.0006119915531323577
2026-03-20,-0.002,0.0,-0.017370019603637828,0.01156301169402205,-0.001951751977403945
2026-03-23,0.04014286118330889,0.0,-0.008977269207950573,0.002528093178912723,0.00842342128856776
2026-03-24,-0.004314101244040259,0.0,0.01258641390469615,0.0015400446358352267,0.0024530893241227797
2026-03-25,0.015067249493650795,-0.0,0.008510080816451266,-0.01626106096438342,0.0018290673364296604
2026-03-26,-0.03707233462477131,0.0,-0.002,0.006111635614374658,-0.008240174752599163
2026-03-27,-0.0022800537465928012,-0.0,-0.000979022542188364,-0.002569730063506471,-0.001457201588071909
2026-03-30,-0.03303749324739137,0.0,0.011324537784874326,-0.009951908911883944,-0.007916216093600248
2026-03-31,0.025275541649567756,-0.0,-0.0018533570967925366,0.0052137913298685255,0.007158993970660936
2026-04-01,0.02159739967316289,-0.0,0.008855611843066151,-0.010423801156224384,0.005007302590001164
2026-04-02,-0.003897730828583592,0.0,0.010375563997986269,-0.0,0.0016194582923506693
2026-04-07,0.0017165713235371936,0.0,-0.0,0.0,0.0004291428308842984
2026-04-08,0.0473124900847158,-0.0,0.0,-0.0,0.01182812252117895
2026-04-09,-0.013330851002878369,0.0,0.0,-0.0,-0.0033327127507195922
2026-04-10,0.013104268416957313,-0.0,-0.0,0.0,0.0032760671042393282
2026-04-13,0.0,-0.0,-0.0,0.0,0.0
2026-04-14,-0.0,-0.0,-0.0,-0.0,0.0
2026-04-15,-0.0,-0.0,-0.0,0.0,0.0
2026-04-16,0.0,0.0,-0.0,-0.0,0.0
2026-04-17,-0.0,-0.0,-0.0,0.0,0.0
2026-04-20,0.0,0.0,-0.0,-0.0,0.0
2026-04-21,0.0,-0.0,-0.0,0.0,0.0
2026-04-22,-0.0,-0.0,0.0,-0.0,0.0
2026-04-23,-0.0,0.0,0.0,-0.0,0.0
2026-04-24,0.0,0.0,0.0,0.0,0.0
2026-04-27,0.0,-0.0,0.0,0.0,0.0
2026-04-28,0.0,-0.0,0.0,-0.0,0.0
2026-04-29,0.0,0.0,-0.0,0.0,0.0
2026-04-30,-0.0,-0.0,-0.002,-0.002,-0.001
2026-05-01,0.0,0.0,0.0026754835122616526,0.012835013697091748,0.00387762430233835
2026-05-05,-0.0,-0.0,-0.0,-0.0026092933068948823,-0.0006523233267237206
2026-05-06,-0.0,-0.0,-0.0,-0.003861016819054556,-0.000965254204763639
2026-05-07,-0.0,-0.0,-0.0,0.007901165025821178,0.0019752912564552946
2026-05-08,-0.0,-0.0,0.0,0.005854807474583586,0.0014637018686458965
2026-05-11,-0.0,-0.0,-0.0,-0.003442518748305952,-0.000860629687076488
2026-05-12,0.0,0.0,0.0,0.007167014060806691,0.0017917535152016727
2026-05-13,-0.0,-0.0,0.0,-0.0014290233077187938,-0.00035725582692969844
2026-05-14,0.0,-0.0,0.0,0.0010165747484873584,0.0002541436871218396
2026-05-15,0.0,-0.002,-0.0,0.027564218616709178,0.006391054654177294
2026-05-18,0.0,0.009804106006832302,-0.002,-0.008057118886466461,-6.325321990853982e-05
2026-05-19,0.0,0.0017120836172120862,-0.00408496262577078,-0.004843563214565881,-0.0018041105557811436
2026-05-20,-0.0,-0.01430804204498203,0.004322454619180783,-0.004585532460838348,-0.003642779971659899
2026-05-21,-0.0,-0.01010618164497435,-0.011661342949211896,-0.0,-0.005441881148546561
2026-05-22,-0.0,-0.020708543977819314,-0.0004756349487595587,0.0,-0.0052960447316447185
2026-05-26,-0.0,-0.002074802239291663,0.0,-0.0,-0.0005187005598229158
2026-05-27,-0.0,-0.004802584341502977,-0.0,0.0,-0.0012006460853757443
2026-05-28,-0.0,0.0032309884138841645,-0.0,-0.0,0.0008077471034710411
2026-05-29,0.0,-0.009123094165516349,-0.0,-0.002,-0.0027807735413790872
2026-06-01,-0.0,0.012715904475459368,-0.0,0.010302103763728625,0.005754502059796999
2026-06-02,-0.0,-0.008212236479918658,0.0,0.014013759029790256,0.0014503806374678995
2026-06-03,0.0,0.02330224609538859,0.0,-0.0,0.005825561523847148
2026-06-04,0.0,-0.018730304112805587,-0.0,0.0,-0.004682576028201397
2026-06-05,0.0,0.004260023327532371,0.0,-0.0,0.0010650058318830927
2026-06-08,-0.0,0.00815651962578098,-0.0,0.0,0.002039129906445245
2026-06-09,0.0,0.008436600261166376,-0.0,0.0,0.002109150065291594
2026-06-10,0.0,-0.012560793557055111,-0.0,-0.0,-0.0031401983892637778
2026-06-11,-0.0,0.003455013273076766,0.0,0.0,0.0008637533182691915
2026-06-12,-0.0,-0.014997697103625264,-0.0,-0.0,-0.003749424275906316
2026-06-15,-0.002,0.022098444959545986,-0.002,0.0,0.004524611239886496
2026-06-16,0.007694384637816078,0.0077477349067478106,-0.006543772416432285,-0.0,0.002224586782032901
2026-06-17,-0.007610705783927673,-0.006203169841405244,0.005429731059324058,0.0,-0.002096036141502215
2026-06-18,0.0039675411481244465,0.015256985989352849,0.013804527634474805,-0.0,0.008257263692988025
2026-06-19,0.031785385002852384,-0.006317743628495377,-0.018032839232589856,0.0,0.0018587005354417877
2026-06-22,-0.0018957803772330292,-0.00811279769167701,-0.0011008323797136697,0.0,-0.0027773526121559274
2026-06-23,0.022580170217488996,0.009081546569345055,-0.003621917023399748,0.0,0.007009949940858575
2026-06-24,0.0,0.004532702202659411,-0.002528145234685782,-0.0,0.0005011392419934074
2026-06-25,-0.0,-0.027795409121418268,-0.004387980499707938,0.0,-0.008045847405281551
2026-06-26,-0.0,0.014430481931953275,0.0020123765113693615,-0.0,0.004110714610830659
2026-06-29,0.0,0.0027956539513862635,0.0,-0.0,0.0006989134878465659
2026-06-30,-0.0,-0.011193994893031902,-0.0,0.0,-0.0027984987232579756
2026-07-01,0.0,-0.030204128015148102,-0.0,-0.0,-0.0075510320037870254
2026-07-02,-0.0,-0.01883947825194163,0.0,-0.0,-0.004709869562985408
2026-07-03,-0.0,-0.016002258077745517,0.0,-0.0,-0.004000564519436379
2026-07-06,-0.0,-0.005839299309024928,-0.0,0.0,-0.001459824827256232
2026-07-07,0.0,0.025640717815108446,0.0,0.0,0.006410179453777112
2026-07-08,0.0,0.02332050158195244,0.0,-0.0,0.00583012539548811
2026-07-09,-0.0,-0.008736558539342628,-0.0,-0.0,-0.002184139634835657
2026-07-10,-0.0,0.004472352036138038,-0.0,-0.0,0.0011180880090345094
2026-07-13,-0.0,-0.004256280457152159,0.0,-0.0,-0.0010640701142880398
2026-07-14,-0.0,-0.0,0.0,-0.0,0.0
2026-07-15,0.0,-0.0,-0.0,-0.0,0.0
2026-07-16,0.0,-0.0,-0.0,0.0,0.0
2026-07-17,0.0,0.0,0.0,-0.0,0.0
2026-07-20,-0.0,0.0,-0.0,0.0,0.0
2026-07-21,-0.0,0.0,-0.0,0.0,0.0
2026-07-22,-0.0,-0.0,0.0,-0.0,0.0
2026-07-23,0.0,0.0,-0.0,0.0,0.0
2026-07-24,-0.0,-0.0,0.0,-0.0,0.0
2026-07-27,0.0,-0.0,-0.0,-0.0,0.0
2026-07-28,-0.0,-0.0,-0.002,-0.0,-0.0005
2026-07-29,0.0,0.0,-0.01193042780661028,0.0,-0.00298260695165257
2026-07-30,-0.0,0.0,-0.0046912279818962215,-0.0,-0.0011728069954740554
2026-07-31,0.0,-0.0,0.004258723030590303,-0.0,0.0010646807576475757
2026-08-03,-0.0,-0.0,-0.002305965311365186,-0.0,-0.0005764913278412965
2026-08-04,-0.0,-0.0,-0.001916039554789138,-0.0,-0.0004790098886972845
2026-08-05,-0.0,-0.0,-0.0032826867691392674,-0.0,-0.0008206716922848169
2026-08-06,0.0,0.0,0.0020111169577998592,-0.0,0.0005027792394499648
2026-08-07,0.0,-0.0,5.0570765873338055e-05,-0.0,1.2642691468334514e-05
2026-08-10,-0.0,0.0,-0.010755331974792236,0.0,-0.002688832993698059
2026-08-11,-0.0,-0.0,0.005572622086610582,0.0,0.0013931555216526454
2026-08-12,0.0,-0.0,0.0,-0.0,0.0
2026-08-13,0.0,0.0,0.0,0.0,0.0
2026-08-14,-0.002,-0.0,-0.0,0.0,-0.0005
2026-08-17,0.002372216068095951,0.0,0.0,0.0,0.0005930540170239878
2026-08-18,-0.010699187296124704,0.0,0.0,-0.0,-0.002674796824031176
2026-08-19,0.014029263588007851,-0.0,-0.0,0.0,0.0035073158970019627
2026-08-20,-0.004706536055471015,0.0,0.0,-0.0,-0.0011766340138677537
2026-08-21,0.028598607544700054,-0.0,-0.0,-0.0,0.0071496518861750135
2026-08-24,0.01044362340125567,-0.0,-0.0,0.0,0.0026109058503139175
2026-08-25,0.0032388415067325363,-0.0,0.0,-0.0,0.0008097103766831341
2026-08-26,0.0008107362075842404,-0.0,-0.0,-0.0,0.0002026840518960601
2026-08-27,-0.0,-0.0,-0.0,0.0,0.0
2026-08-28,-0.0,-0.0,0.0,-0.0,0.0
2026-09-01,0.0,0.0,0.0,0.0,0.0
2026-09-02,-0.0,0.0,-0.0,0.0,0.0
2026-09-03,-0.0,-0.0,-0.0,0.0,0.0
2026-09-04,0.0,-0.0,0.0,-0.0,0.0
2026-09-07,0.0,0.0,0.0,0.0,0.0
2026-09-08,-0.0,0.0,-0.0,-0.002,-0.0005
2026-09-09,0.0,-0.0,-0.0,-0.0009113725161290204,-0.0002278431290322551
2026-09-10,0.0,-0.0,-0.0,-0.000577014198359435,-0.00014425354958985876
2026-09-11,-0.0,0.0,-0.0,-0.0008931329334189743,-0.00022328323335474358
2026-09-14,0.0,0.0,-0.0,-0.0005827007573804917,-0.00014567518934512292
2026-09-15,0.0,0.0,0.0,0.0031246913594621126,0.0007811728398655282
2026-09-16,-0.0,0.0,0.0,0.008810194820544619,0.0022025487051361547
2026-09-17,-0.0,-0.0,0.0,0.008077282243381424,0.002019320560845356
2026-09-18,0.0,0.0,-0.0,-0.006161264434077628,-0.001540316108519407
2026-09-21,-0.0,-0.0,-0.0,0.007523419349663598,0.0018808548374158996
2026-09-22,-0.0,-0.0,-0.0,0.0033912257336573552,0.0008478064334143388
2026-10-05,-0.0,0.0,-0.0,0.001091385805570343,0.00027284645139258573
2026-10-06,0.0,0.0,0.0,0.003183920672650009,0.0007959801681625022
2026-10-07,0.0,0.0,0.0,-0.006080295942372614,-0.0015200739855931536
2026-10-08,0.0,-0.0,-0.0,-0.0,0.0
2026-10-09,-0.0,-0.0,-0.0,-0.0,0.0
